{
"x": 0.22183, 
"y": 0.01088,
"z": -0.17570,
"qx": 0.0,
"qy": 0.0,
"qz": 0.0, 
"qw": 1.0
}

