{
"x":  0.29250,
"y":  0.005,
"z": -0.06250,
"qx": 0.0,
"qy": 0.0,
"qz": 0.0, 
"qw": 1.0
}

